{"cameraMode":{"drawMode":0,"name":"Shaded","section":"Shading Mode"},"sceneLighting":false,"audioPlay":false,"sceneViewState":{"showFog":true,"showMaterialUpdate":false,"showSkybox":true,"showFlares":true,"showImageEffects":true,"showParticleSystems":true},"in2DMode":false,"pivot":{"x":131.62684631347657,"y":57.481170654296878,"z":-331.7334289550781},"rotation":{"x":0.0004510270955506712,"y":-0.9989702701568604,"z":-0.010175158269703389,"w":-0.04421212896704674},"size":427.899658203125,"orthographic":false}