{"cameraMode":{"drawMode":0,"name":"Shaded","section":"Shading Mode"},"sceneLighting":false,"audioPlay":false,"sceneViewState":{"showFog":true,"showMaterialUpdate":false,"showSkybox":true,"showFlares":true,"showImageEffects":true,"showParticleSystems":true},"in2DMode":false,"pivot":{"x":-17.679485321044923,"y":-46.10088348388672,"z":26.94434356689453},"rotation":{"x":-0.3565729260444641,"y":0.3461185693740845,"z":-0.14422443509101869,"w":-0.8557201623916626},"size":111.24445343017578,"orthographic":false}