{"cameraMode":{"drawMode":0,"name":"Shaded","section":"Shading Mode"},"sceneLighting":false,"audioPlay":false,"sceneViewState":{"showFog":true,"showMaterialUpdate":false,"showSkybox":true,"showFlares":true,"showImageEffects":true,"showParticleSystems":true},"in2DMode":false,"pivot":{"x":0.8271164894104004,"y":-0.7421654462814331,"z":-0.2025405764579773},"rotation":{"x":0.0372745543718338,"y":0.6350621581077576,"z":-0.030704250559210779,"w":0.7709500193595886},"size":2.5889456272125246,"orthographic":false}