{"cameraMode":{"drawMode":0,"name":"Shaded","section":"Shading Mode"},"sceneLighting":false,"audioPlay":false,"sceneViewState":{"showFog":true,"showMaterialUpdate":false,"showSkybox":true,"showFlares":true,"showImageEffects":true,"showParticleSystems":true},"in2DMode":false,"pivot":{"x":-26.123748779296876,"y":16.303207397460939,"z":-22.86117935180664},"rotation":{"x":-0.012038525193929673,"y":0.9877637028694153,"z":-0.11943555623292923,"w":-0.09956469386816025},"size":8.697744369506836,"orthographic":false}