{"cameraMode":{"drawMode":0,"name":"Shaded","section":"Shading Mode"},"sceneLighting":false,"audioPlay":false,"sceneViewState":{"showFog":true,"showMaterialUpdate":false,"showSkybox":true,"showFlares":true,"showImageEffects":true,"showParticleSystems":true},"in2DMode":false,"pivot":{"x":5.405821800231934,"y":-0.42303466796875,"z":7.625800132751465},"rotation":{"x":-0.11546037346124649,"y":-0.6967646479606628,"z":0.11517060548067093,"w":-0.6985153555870056},"size":44.32728576660156,"orthographic":false}