{"cameraMode":{"drawMode":0,"name":"Shaded","section":"Shading Mode"},"sceneLighting":false,"audioPlay":false,"sceneViewState":{"showFog":true,"showMaterialUpdate":false,"showSkybox":true,"showFlares":true,"showImageEffects":true,"showParticleSystems":true},"in2DMode":false,"pivot":{"x":71.39297485351563,"y":-142.87615966796876,"z":-37.02583312988281},"rotation":{"x":0.22969351708889008,"y":0.7565075755119324,"z":-0.34221410751342776,"w":0.5077663064002991},"size":271.5223388671875,"orthographic":false}