{"cameraMode":{"drawMode":0,"name":"Shaded","section":"Shading Mode"},"sceneLighting":false,"audioPlay":false,"sceneViewState":{"showFog":true,"showMaterialUpdate":false,"showSkybox":true,"showFlares":true,"showImageEffects":true,"showParticleSystems":true},"in2DMode":false,"pivot":{"x":0.0,"y":0.5099999904632568,"z":-0.05999991297721863},"rotation":{"x":-0.012671928852796555,"y":-0.9871260523796082,"z":0.12234335392713547,"w":-0.1022430807352066},"size":2.478956937789917,"orthographic":false}