{"cameraMode":{"drawMode":0,"name":"Shaded","section":"Shading Mode"},"sceneLighting":false,"audioPlay":false,"sceneViewState":{"showFog":true,"showMaterialUpdate":false,"showSkybox":true,"showFlares":true,"showImageEffects":true,"showParticleSystems":true},"in2DMode":false,"pivot":{"x":13.31363296508789,"y":1.4248485565185547,"z":0.43169403076171877},"rotation":{"x":0.07470345497131348,"y":0.8542391061782837,"z":-0.12806682288646699,"w":0.49829092621803286},"size":70.61205291748047,"orthographic":false}