{"cameraMode":{"drawMode":0,"name":"Shaded","section":"Shading Mode"},"sceneLighting":false,"audioPlay":false,"sceneViewState":{"showFog":true,"showMaterialUpdate":false,"showSkybox":true,"showFlares":true,"showImageEffects":true,"showParticleSystems":true},"in2DMode":false,"pivot":{"x":-44.19758987426758,"y":-39.26287841796875,"z":26.6837215423584},"rotation":{"x":0.28699344396591189,"y":-0.4831622242927551,"z":0.17135614156723023,"w":0.8092133402824402},"size":78.82730102539063,"orthographic":false}